date;item_id;qnty
2024-01-01;100516;5.0
2024-01-01;100528;3.0
2024-01-01;100454;1.0
2024-01-01;100399;2.0
2024-01-01;100612;7.0
2024-01-01;100556;1.0
2024-01-01;100046;1.0
2024-01-01;100657;1.0
2024-01-01;100228;2.0
2024-01-01;100558;1.0
2024-01-01;100553;2.0
2024-01-01;100455;2.0
2024-01-01;100464;1.0
2024-01-01;100245;4.0
2024-01-01;100547;1.0
2024-01-01;100453;8.0
2024-01-01;100450;2.0
2024-01-01;100554;1.0
2024-01-01;100611;14.0
2024-01-01;100370;1.0
2024-01-01;100386;2.0
2024-01-01;100354;2.0
2024-01-01;100140;2.0
2024-01-01;100648;1.0
2024-01-01;100448;1.0
2024-01-01;100227;1.0
2024-01-01;100225;1.0
2024-01-01;100462;2.0
2024-01-01;100184;2.0
2024-01-01;100487;4.0
2024-01-01;100486;4.0
2024-01-01;100614;2.0
2024-01-01;100613;2.0
2024-01-01;100348;1.0
2024-01-01;100045;1.0
2024-01-01;100417;1.0
2024-01-01;100050;1.0
2024-01-01;100530;4.0
2024-01-01;100193;2.0
2024-01-01;100192;2.0
2024-01-01;100664;1.0
2024-01-01;100394;1.0
2024-01-01;100646;3.0
2024-01-01;100662;1.0
2024-01-01;100602;5.0
2024-01-01;100665;1.0
2024-01-01;100607;5.0
2024-01-01;100621;2.0
2024-01-01;100526;3.0
2024-01-01;100604;5.0
2024-01-01;100525;2.0
2024-01-01;100691;2.0
2024-01-01;100596;5.0
2024-01-01;100651;2.0
2024-01-01;100639;3.0
2024-01-01;100544;7.0
2024-01-01;100471;5.0
2024-01-01;100524;3.0
2024-01-01;100139;1.0
2024-01-01;100165;26.0
2024-01-01;100375;1.0
2024-01-01;100257;4.0
2024-01-01;100523;5.0
2024-01-01;100551;3.0
2024-01-01;100663;1.0
2024-01-01;100644;1.0
2024-01-01;100683;1.0
2024-01-01;100473;4.0
2024-01-01;100259;3.0
2024-01-01;100645;24.0
2024-01-01;100470;7.0
2024-01-01;100474;4.0
2024-01-01;100517;4.0
2024-01-01;100652;2.0
2024-01-01;100638;36.0
2024-01-01;100601;5.0
2024-01-01;100126;2.0
2024-01-01;100686;2.0
2024-01-01;100668;1.0
2024-01-01;100650;10.0
2024-01-01;100469;3.0
2024-01-01;100390;1.0
2024-01-01;100656;2.0
2024-01-01;100545;4.0
2024-01-02;100453;8.0
2024-01-02;100553;2.0
2024-01-02;100450;1.0
2024-01-02;100473;4.0
2024-01-02;100558;2.0
2024-01-02;100652;1.0
2024-01-02;100470;7.0
2024-01-02;100683;1.0
2024-01-02;100551;4.0
2024-01-02;100648;1.0
2024-01-02;100257;4.0
2024-01-02;100528;3.0
2024-01-02;100545;3.0
2024-01-02;100686;2.0
2024-01-02;100165;19.0
2024-01-02;100228;2.0
2024-01-02;100471;5.0
2024-01-02;100556;2.0
2024-01-02;100448;1.0
2024-01-02;100140;2.0
2024-01-02;100225;1.0
2024-01-02;100621;2.0
2024-01-02;100046;1.0
2024-01-02;100651;1.0
2024-01-02;100454;1.0
2024-01-02;100596;5.0
2024-01-02;100259;3.0
2024-01-02;100668;1.0
2024-01-02;100469;3.0
2024-01-02;100665;1.0
2024-01-02;100650;10.0
2024-01-02;100601;5.0
2024-01-02;100354;2.0
2024-01-02;100526;3.0
2024-01-02;100517;4.0
2024-01-02;100184;2.0
2024-01-02;100462;2.0
2024-01-02;100656;2.0
2024-01-02;100657;1.0
2024-01-02;100516;5.0
2024-01-02;100524;3.0
2024-01-02;100611;13.0
2024-01-02;100612;6.0
2024-01-02;100192;2.0
2024-01-02;100193;2.0
2024-01-02;100530;4.0
2024-01-02;100050;1.0
2024-01-02;100602;5.0
2024-01-02;100417;1.0
2024-01-02;100045;1.0
2024-01-02;100523;5.0
2024-01-02;100613;3.0
2024-01-02;100614;3.0
2024-01-02;100486;4.0
2024-01-02;100487;5.0
2024-01-02;100227;1.0
2024-01-02;100386;2.0
2024-01-02;100348;1.0
2024-01-02;100394;1.0
2024-01-02;100604;5.0
2024-01-02;100375;1.0
2024-01-02;100455;2.0
2024-01-02;100399;1.0
2024-01-02;100638;36.0
2024-01-02;100525;2.0
2024-01-02;100664;1.0
2024-01-02;100544;6.0
2024-01-02;100139;1.0
2024-01-02;100474;4.0
2024-01-02;100607;5.0
2024-01-02;100645;24.0
2024-01-02;100390;1.0
2024-01-02;100662;1.0
2024-01-02;100646;3.0
2024-01-02;100464;1.0
2024-01-02;100644;1.0
2024-01-02;100691;1.0
2024-01-02;100245;4.0
2024-01-02;100126;2.0
2024-01-02;100663;1.0
2024-01-02;100639;3.0
2024-01-02;100370;1.0
2024-01-02;100554;1.0
2024-01-02;100547;1.0
2024-01-03;100650;10.0
2024-01-03;100390;1.0
2024-01-03;100469;3.0
2024-01-03;100657;1.0
2024-01-03;100645;24.0
2024-01-03;100668;1.0
2024-01-03;100193;2.0
2024-01-03;100245;4.0
2024-01-03;100464;2.0
2024-01-03;100530;4.0
2024-01-03;100050;1.0
2024-01-03;100547;1.0
2024-01-03;100544;6.0
2024-01-03;100656;2.0
2024-01-03;100556;2.0
2024-01-03;100228;2.0
2024-01-03;100450;1.0
2024-01-03;100453;8.0
2024-01-03;100553;2.0
2024-01-03;100601;5.0
2024-01-03;100558;2.0
2024-01-03;100691;1.0
2024-01-03;100517;4.0
2024-01-03;100192;2.0
2024-01-03;100612;6.0
2024-01-03;100611;13.0
2024-01-03;100046;1.0
2024-01-03;100554;1.0
2024-01-03;100417;1.0
2024-01-03;100604;5.0
2024-01-03;100045;1.0
2024-01-03;100523;5.0
2024-01-03;100644;1.0
2024-01-03;100683;1.0
2024-01-03;100551;3.0
2024-01-03;100257;4.0
2024-01-03;100663;1.0
2024-01-03;100165;19.0
2024-01-03;100471;6.0
2024-01-03;100639;3.0
2024-01-03;100686;2.0
2024-01-03;100545;3.0
2024-01-03;100126;2.0
2024-01-03;100386;2.0
2024-01-03;100652;1.0
2024-01-03;100526;3.0
2024-01-03;100470;8.0
2024-01-03;100621;2.0
2024-01-03;100375;1.0
2024-01-03;100524;3.0
2024-01-03;100614;3.0
2024-01-03;100486;4.0
2024-01-03;100487;5.0
2024-01-03;100184;2.0
2024-01-03;100462;2.0
2024-01-03;100455;2.0
2024-01-03;100225;1.0
2024-01-03;100227;1.0
2024-01-03;100259;3.0
2024-01-03;100473;4.0
2024-01-03;100596;4.0
2024-01-03;100139;1.0
2024-01-03;100638;35.0
2024-01-03;100516;7.0
2024-01-03;100525;2.0
2024-01-03;100651;1.0
2024-01-03;100399;1.0
2024-01-03;100613;3.0
2024-01-03;100394;1.0
2024-01-03;100448;2.0
2024-01-03;100665;1.0
2024-01-03;100648;1.0
2024-01-03;100348;1.0
2024-01-03;100607;5.0
2024-01-03;100664;1.0
2024-01-03;100474;4.0
2024-01-03;100454;2.0
2024-01-03;100662;1.0
2024-01-03;100602;5.0
2024-01-03;100528;3.0
2024-01-03;100140;2.0
2024-01-03;100354;2.0
2024-01-03;100646;3.0
2024-01-03;100370;1.0
2024-01-04;100455;3.0
2024-01-04;100651;1.0
2024-01-04;100140;2.0
2024-01-04;100464;2.0
2024-01-04;100516;8.0
2024-01-04;100664;1.0
2024-01-04;100245;5.0
2024-01-04;100547;2.0
2024-01-04;100524;5.0
2024-01-04;100638;35.0
2024-01-04;100474;4.0
2024-01-04;100554;1.0
2024-01-04;100663;1.0
2024-01-04;100139;1.0
2024-01-04;100448;2.0
2024-01-04;100596;3.0
2024-01-04;100165;31.0
2024-01-04;100473;4.0
2024-01-04;100556;2.0
2024-01-04;100126;2.0
2024-01-04;100375;1.0
2024-01-04;100652;1.0
2024-01-04;100525;3.0
2024-01-04;100462;2.0
2024-01-04;100184;2.0
2024-01-04;100487;5.0
2024-01-04;100486;5.0
2024-01-04;100614;3.0
2024-01-04;100613;2.0
2024-01-04;100045;1.0
2024-01-04;100621;2.0
2024-01-04;100417;2.0
2024-01-04;100050;1.0
2024-01-04;100530;4.0
2024-01-04;100193;2.0
2024-01-04;100192;3.0
2024-01-04;100257;5.0
2024-01-04;100612;7.0
2024-01-04;100046;1.0
2024-01-04;100657;1.0
2024-01-04;100228;2.0
2024-01-04;100558;2.0
2024-01-04;100553;3.0
2024-01-04;100453;8.0
2024-01-04;100450;1.0
2024-01-04;100644;1.0
2024-01-04;100523;5.0
2024-01-04;100551;4.0
2024-01-04;100691;1.0
2024-01-04;100399;1.0
2024-01-04;100648;1.0
2024-01-04;100611;16.0
2024-01-04;100470;8.0
2024-01-04;100394;1.0
2024-01-04;100471;7.0
2024-01-04;100650;10.0
2024-01-04;100662;1.0
2024-01-04;100544;6.0
2024-01-04;100665;1.0
2024-01-04;100656;2.0
2024-01-04;100645;24.0
2024-01-04;100607;7.0
2024-01-04;100601;6.0
2024-01-04;100639;3.0
2024-01-04;100686;4.0
2024-01-04;100528;4.0
2024-01-04;100545;3.0
2024-01-04;100454;2.0
2024-01-04;100604;7.0
2024-01-04;100386;3.0
2024-01-04;100517;3.0
2024-01-04;100354;2.0
2024-01-04;100526;4.0
2024-01-04;100370;1.0
2024-01-04;100390;1.0
2024-01-04;100348;1.0
2024-01-04;100683;1.0
2024-01-04;100469;3.0
2024-01-04;100646;3.0
2024-01-04;100259;3.0
2024-01-04;100668;1.0
2024-01-04;100225;1.0
2024-01-04;100227;1.0
2024-01-04;100602;7.0
2024-01-05;100245;5.0
2024-01-05;100126;4.0
2024-01-05;100050;1.0
2024-01-05;100464;2.0
2024-01-05;100545;9.0
2024-01-05;100165;31.0
2024-01-05;100553;4.0
2024-01-05;100663;1.0
2024-01-05;100399;1.0
2024-01-05;100386;3.0
2024-01-05;100523;6.0
2024-01-05;100686;5.0
2024-01-05;100354;3.0
2024-01-05;100471;7.0
2024-01-05;100526;5.0
2024-01-05;100604;9.0
2024-01-05;100455;3.0
2024-01-05;100530;4.0
2024-01-05;100551;7.0
2024-01-05;100516;8.0
2024-01-05;100453;8.0
2024-01-05;100558;2.0
2024-01-05;100683;1.0
2024-01-05;100228;2.0
2024-01-05;100639;4.0
2024-01-05;100524;7.0
2024-01-05;100657;1.0
2024-01-05;100448;2.0
2024-01-05;100046;1.0
2024-01-05;100257;5.0
2024-01-05;100612;8.0
2024-01-05;100227;1.0
2024-01-05;100450;1.0
2024-01-05;100556;2.0
2024-01-05;100554;2.0
2024-01-05;100225;1.0
2024-01-05;100192;3.0
2024-01-05;100193;2.0
2024-01-05;100547;2.0
2024-01-05;100611;17.0
2024-01-05;100691;2.0
2024-01-05;100602;9.0
2024-01-05;100486;5.0
2024-01-05;100614;4.0
2024-01-05;100613;3.0
2024-01-05;100045;1.0
2024-01-05;100462;2.0
2024-01-05;100668;1.0
2024-01-05;100259;3.0
2024-01-05;100473;5.0
2024-01-05;100469;3.0
2024-01-05;100348;1.0
2024-01-05;100390;2.0
2024-01-05;100650;10.0
2024-01-05;100544;14.0
2024-01-05;100656;2.0
2024-01-05;100601;8.0
2024-01-05;100645;31.0
2024-01-05;100607;9.0
2024-01-05;100454;2.0
2024-01-05;100621;3.0
2024-01-05;100417;2.0
2024-01-05;100517;4.0
2024-01-05;100528;5.0
2024-01-05;100665;1.0
2024-01-05;100662;1.0
2024-01-05;100370;1.0
2024-01-05;100487;5.0
2024-01-05;100646;4.0
2024-01-05;100470;9.0
2024-01-05;100394;2.0
2024-01-05;100184;2.0
2024-01-05;100644;2.0
2024-01-05;100652;2.0
2024-01-05;100525;5.0
2024-01-05;100375;1.0
2024-01-05;100648;2.0
2024-01-05;100651;2.0
2024-01-05;100140;3.0
2024-01-05;100474;5.0
2024-01-05;100638;55.0
2024-01-05;100664;1.0
2024-01-05;100596;4.0
2024-01-05;100139;1.0
2024-01-06;100530;4.0
2024-01-06;100050;1.0
2024-01-06;100553;6.0
2024-01-06;100399;1.0
2024-01-06;100558;4.0
2024-01-06;100462;2.0
2024-01-06;100455;3.0
2024-01-06;100657;1.0
2024-01-06;100228;2.0
2024-01-06;100486;5.0
2024-01-06;100487;5.0
2024-01-06;100184;2.0
2024-01-06;100528;6.0
2024-01-06;100417;1.0
2024-01-06;100453;10.0
2024-01-06;100614;5.0
2024-01-06;100045;1.0
2024-01-06;100464;3.0
2024-01-06;100613;4.0
2024-01-06;100046;1.0
2024-01-06;100556;3.0
2024-01-06;100554;3.0
2024-01-06;100473;5.0
2024-01-06;100516;8.0
2024-01-06;100547;5.0
2024-01-06;100193;2.0
2024-01-06;100192;3.0
2024-01-06;100612;8.0
2024-01-06;100611;22.0
2024-01-06;100450;1.0
2024-01-06;100245;7.0
2024-01-06;100544;15.0
2024-01-06;100474;5.0
2024-01-06;100225;1.0
2024-01-06;100227;1.0
2024-01-06;100621;4.0
2024-01-06;100639;5.0
2024-01-06;100650;9.0
2024-01-06;100607;12.0
2024-01-06;100524;8.0
2024-01-06;100683;1.0
2024-01-06;100668;1.0
2024-01-06;100652;2.0
2024-01-06;100390;2.0
2024-01-06;100638;56.0
2024-01-06;100664;1.0
2024-01-06;100691;2.0
2024-01-06;100126;4.0
2024-01-06;100386;3.0
2024-01-06;100663;1.0
2024-01-06;100139;1.0
2024-01-06;100525;6.0
2024-01-06;100662;1.0
2024-01-06;100375;1.0
2024-01-06;100644;2.0
2024-01-06;100651;2.0
2024-01-06;100259;3.0
2024-01-06;100523;7.0
2024-01-06;100545;13.0
2024-01-06;100348;1.0
2024-01-06;100165;17.0
2024-01-06;100394;2.0
2024-01-06;100656;2.0
2024-01-06;100354;3.0
2024-01-06;100646;4.0
2024-01-06;100370;1.0
2024-01-06;100645;32.0
2024-01-06;100526;6.0
2024-01-06;100140;3.0
2024-01-06;100648;2.0
2024-01-06;100686;3.0
2024-01-06;100665;1.0
2024-01-06;100454;3.0
2024-01-06;100471;8.0
2024-01-06;100551;11.0
2024-01-06;100470;8.0
2024-01-06;100596;6.0
2024-01-06;100469;3.0
2024-01-06;100601;11.0
2024-01-06;100602;12.0
2024-01-06;100517;4.0
2024-01-06;100257;4.0
2024-01-06;100448;3.0
2024-01-06;100604;12.0
2024-01-07;100528;5.0
2024-01-07;100530;3.0
2024-01-07;100683;1.0
2024-01-07;100656;1.0
2024-01-07;100455;2.0
2024-01-07;100556;2.0
2024-01-07;100050;1.0
2024-01-07;100399;1.0
2024-01-07;100664;1.0
2024-01-07;100554;2.0
2024-01-07;100165;17.0
2024-01-07;100547;3.0
2024-01-07;100621;2.0
2024-01-07;100523;6.0
2024-01-07;100045;1.0
2024-01-07;100613;4.0
2024-01-07;100524;7.0
2024-01-07;100652;2.0
2024-01-07;100140;3.0
2024-01-07;100417;2.0
2024-01-07;100450;1.0
2024-01-07;100192;3.0
2024-01-07;100453;9.0
2024-01-07;100553;5.0
2024-01-07;100558;2.0
2024-01-07;100691;1.0
2024-01-07;100228;1.0
2024-01-07;100657;1.0
2024-01-07;100126;4.0
2024-01-07;100245;9.0
2024-01-07;100193;2.0
2024-01-07;100464;3.0
2024-01-07;100663;1.0
2024-01-07;100046;1.0
2024-01-07;100139;1.0
2024-01-07;100662;1.0
2024-01-07;100686;2.0
2024-01-07;100611;19.0
2024-01-07;100612;5.0
2024-01-07;100668;1.0
2024-01-07;100665;1.0
2024-01-07;100516;8.0
2024-01-07;100545;12.0
2024-01-07;100651;2.0
2024-01-07;100638;46.0
2024-01-07;100390;1.0
2024-01-07;100544;13.0
2024-01-07;100607;11.0
2024-01-07;100394;1.0
2024-01-07;100227;1.0
2024-01-07;100225;1.0
2024-01-07;100604;11.0
2024-01-07;100448;3.0
2024-01-07;100462;2.0
2024-01-07;100184;2.0
2024-01-07;100257;4.0
2024-01-07;100517;3.0
2024-01-07;100454;3.0
2024-01-07;100601;10.0
2024-01-07;100473;4.0
2024-01-07;100469;3.0
2024-01-07;100596;6.0
2024-01-07;100470;7.0
2024-01-07;100551;11.0
2024-01-07;100471;7.0
2024-01-07;100487;6.0
2024-01-07;100486;4.0
2024-01-07;100614;4.0
2024-01-07;100602;11.0
2024-01-07;100386;3.0
2024-01-07;100526;5.0
2024-01-07;100639;4.0
2024-01-07;100259;3.0
2024-01-07;100650;8.0
2024-01-07;100525;5.0
2024-01-07;100644;1.0
2024-01-07;100348;1.0
2024-01-07;100645;39.0
2024-01-07;100648;1.0
2024-01-07;100474;4.0
2024-01-07;100354;3.0
2024-01-07;100646;4.0
2024-01-07;100375;1.0
2024-01-07;100370;1.0
2024-01-08;100045;1.0
2024-01-08;100621;2.0
2024-01-08;100611;14.0
2024-01-08;100517;4.0
2024-01-08;100050;1.0
2024-01-08;100612;7.0
2024-01-08;100192;2.0
2024-01-08;100523;5.0
2024-01-08;100417;1.0
2024-01-08;100530;4.0
2024-01-08;100455;2.0
2024-01-08;100464;1.0
2024-01-08;100046;1.0
2024-01-08;100525;2.0
2024-01-08;100657;1.0
2024-01-08;100462;2.0
2024-01-08;100225;1.0
2024-01-08;100227;1.0
2024-01-08;100228;2.0
2024-01-08;100184;2.0
2024-01-08;100553;2.0
2024-01-08;100453;8.0
2024-01-08;100487;4.0
2024-01-08;100486;4.0
2024-01-08;100450;2.0
2024-01-08;100556;1.0
2024-01-08;100614;2.0
2024-01-08;100554;1.0
2024-01-08;100547;1.0
2024-01-08;100245;4.0
2024-01-08;100613;2.0
2024-01-08;100399;2.0
2024-01-08;100558;1.0
2024-01-08;100193;2.0
2024-01-08;100257;4.0
2024-01-08;100639;3.0
2024-01-08;100140;2.0
2024-01-08;100454;1.0
2024-01-08;100602;5.0
2024-01-08;100648;1.0
2024-01-08;100662;1.0
2024-01-08;100354;2.0
2024-01-08;100448;1.0
2024-01-08;100604;5.0
2024-01-08;100646;3.0
2024-01-08;100139;1.0
2024-01-08;100394;1.0
2024-01-08;100607;5.0
2024-01-08;100652;2.0
2024-01-08;100663;1.0
2024-01-08;100645;24.0
2024-01-08;100390;1.0
2024-01-08;100638;36.0
2024-01-08;100370;1.0
2024-01-08;100386;2.0
2024-01-08;100524;3.0
2024-01-08;100644;1.0
2024-01-08;100375;1.0
2024-01-08;100601;5.0
2024-01-08;100469;3.0
2024-01-08;100526;3.0
2024-01-08;100473;4.0
2024-01-08;100668;1.0
2024-01-08;100474;4.0
2024-01-08;100544;7.0
2024-01-08;100665;1.0
2024-01-08;100528;3.0
2024-01-08;100656;2.0
2024-01-08;100545;4.0
2024-01-08;100664;1.0
2024-01-08;100259;3.0
2024-01-08;100691;2.0
2024-01-08;100516;5.0
2024-01-08;100471;5.0
2024-01-08;100551;3.0
2024-01-08;100126;2.0
2024-01-08;100650;10.0
2024-01-08;100165;26.0
2024-01-08;100686;2.0
2024-01-08;100470;7.0
2024-01-08;100596;5.0
2024-01-08;100348;1.0
2024-01-08;100651;2.0
2024-01-08;100683;1.0
2024-01-09;100455;2.0
2024-01-09;100399;1.0
2024-01-09;100656;2.0
2024-01-09;100652;1.0
2024-01-09;100165;19.0
2024-01-09;100139;2.0
2024-01-09;100523;5.0
2024-01-09;100662;1.0
2024-01-09;100140;1.0
2024-01-09;100663;1.0
2024-01-09;100464;1.0
2024-01-09;100526;3.0
2024-01-09;100547;1.0
2024-01-09;100683;2.0
2024-01-09;100668;1.0
2024-01-09;100665;1.0
2024-01-09;100664;1.0
2024-01-09;100691;1.0
2024-01-09;100126;1.0
2024-01-09;100556;2.0
2024-01-09;100450;1.0
2024-01-09;100453;8.0
2024-01-09;100553;2.0
2024-01-09;100558;2.0
2024-01-09;100228;2.0
2024-01-09;100657;1.0
2024-01-09;100245;4.0
2024-01-09;100046;1.0
2024-01-09;100612;6.0
2024-01-09;100192;2.0
2024-01-09;100193;2.0
2024-01-09;100530;4.0
2024-01-09;100050;1.0
2024-01-09;100621;2.0
2024-01-09;100045;1.0
2024-01-09;100613;3.0
2024-01-09;100614;3.0
2024-01-09;100486;4.0
2024-01-09;100487;5.0
2024-01-09;100184;2.0
2024-01-09;100554;1.0
2024-01-09;100611;13.0
2024-01-09;100417;1.0
2024-01-09;100462;2.0
2024-01-09;100524;3.0
2024-01-09;100525;2.0
2024-01-09;100473;4.0
2024-01-09;100686;2.0
2024-01-09;100386;2.0
2024-01-09;100545;3.0
2024-01-09;100638;36.0
2024-01-09;100390;1.0
2024-01-09;100257;4.0
2024-01-09;100607;5.0
2024-01-09;100394;1.0
2024-01-09;100604;5.0
2024-01-09;100448;1.0
2024-01-09;100517;4.0
2024-01-09;100471;2.0
2024-01-09;100602;5.0
2024-01-09;100454;1.0
2024-01-09;100551;4.0
2024-01-09;100601;5.0
2024-01-09;100469;3.0
2024-01-09;100596;5.0
2024-01-09;100375;1.0
2024-01-09;100639;3.0
2024-01-09;100225;1.0
2024-01-09;100651;1.0
2024-01-09;100259;3.0
2024-01-09;100650;10.0
2024-01-09;100516;5.0
2024-01-09;100348;1.0
2024-01-09;100648;6.0
2024-01-09;100528;3.0
2024-01-09;100644;7.0
2024-01-09;100227;1.0
2024-01-09;100470;2.0
2024-01-09;100646;3.0
2024-01-09;100354;2.0
2024-01-09;100474;4.0
2024-01-09;100645;24.0
2024-01-09;100370;1.0
2024-01-09;100544;6.0
2024-01-10;100528;3.0
2024-01-10;100545;3.0
2024-01-10;100664;1.0
2024-01-10;100683;2.0
2024-01-10;100526;3.0
2024-01-10;100665;1.0
2024-01-10;100551;3.0
2024-01-10;100668;2.0
2024-01-10;100544;6.0
2024-01-10;100651;1.0
2024-01-10;100601;5.0
2024-01-10;100652;1.0
2024-01-10;100650;10.0
2024-01-10;100648;6.0
2024-01-10;100656;2.0
2024-01-10;100646;3.0
2024-01-10;100662;1.0
2024-01-10;100645;24.0
2024-01-10;100663;1.0
2024-01-10;100644;7.0
2024-01-10;100639;3.0
2024-01-10;100524;3.0
2024-01-10;100525;2.0
2024-01-10;100638;35.0
2024-01-10;100604;5.0
2024-01-10;100602;5.0
2024-01-10;100596;4.0
2024-01-10;100607;5.0
2024-01-10;100686;2.0
2024-01-10;100192;2.0
2024-01-10;100126;1.0
2024-01-10;100454;2.0
2024-01-10;100523;5.0
2024-01-10;100399;1.0
2024-01-10;100455;2.0
2024-01-10;100464;2.0
2024-01-10;100245;4.0
2024-01-10;100547;1.0
2024-01-10;100554;1.0
2024-01-10;100556;2.0
2024-01-10;100450;1.0
2024-01-10;100453;8.0
2024-01-10;100394;1.0
2024-01-10;100553;2.0
2024-01-10;100228;2.0
2024-01-10;100657;1.0
2024-01-10;100046;1.0
2024-01-10;100611;13.0
2024-01-10;100612;6.0
2024-01-10;100193;2.0
2024-01-10;100530;4.0
2024-01-10;100448;4.0
2024-01-10;100354;2.0
2024-01-10;100139;2.0
2024-01-10;100516;7.0
2024-01-10;100375;1.0
2024-01-10;100558;2.0
2024-01-10;100469;3.0
2024-01-10;100691;1.0
2024-01-10;100473;4.0
2024-01-10;100184;2.0
2024-01-10;100487;5.0
2024-01-10;100486;4.0
2024-01-10;100259;3.0
2024-01-10;100614;3.0
2024-01-10;100613;3.0
2024-01-10;100140;1.0
2024-01-10;100045;1.0
2024-01-10;100621;2.0
2024-01-10;100470;1.0
2024-01-10;100417;1.0
2024-01-10;100165;19.0
2024-01-10;100050;1.0
2024-01-10;100517;4.0
2024-01-10;100390;1.0
2024-01-10;100474;4.0
2024-01-10;100462;2.0
2024-01-10;100225;1.0
2024-01-10;100348;1.0
2024-01-10;100227;1.0
2024-01-10;100471;2.0
2024-01-10;100370;1.0
2024-01-10;100386;6.0
2024-01-10;100257;4.0
2024-01-11;100354;1.0
2024-01-11;100646;3.0
2024-01-11;100139;2.0
2024-01-11;100516;3.0
2024-01-11;100558;2.0
2024-01-11;100553;3.0
2024-01-11;100454;2.0
2024-01-11;100554;1.0
2024-01-11;100556;2.0
2024-01-11;100450;1.0
2024-01-11;100126;1.0
2024-01-11;100228;2.0
2024-01-11;100602;7.0
2024-01-11;100453;8.0
2024-01-11;100526;4.0
2024-01-11;100691;1.0
2024-01-11;100663;1.0
2024-01-11;100657;1.0
2024-01-11;100524;5.0
2024-01-11;100611;16.0
2024-01-11;100348;1.0
2024-01-11;100648;6.0
2024-01-11;100474;4.0
2024-01-11;100544;4.0
2024-01-11;100596;3.0
2024-01-11;100656;1.0
2024-01-11;100165;11.0
2024-01-11;100470;1.0
2024-01-11;100473;4.0
2024-01-11;100545;4.0
2024-01-11;100259;9.0
2024-01-11;100650;2.0
2024-01-11;100652;1.0
2024-01-11;100551;3.0
2024-01-11;100651;1.0
2024-01-11;100257;9.0
2024-01-11;100471;2.0
2024-01-11;100140;1.0
2024-01-11;100046;1.0
2024-01-11;100662;1.0
2024-01-11;100601;6.0
2024-01-11;100612;7.0
2024-01-11;100192;3.0
2024-01-11;100193;2.0
2024-01-11;100530;4.0
2024-01-11;100050;1.0
2024-01-11;100417;2.0
2024-01-11;100621;2.0
2024-01-11;100045;1.0
2024-01-11;100613;2.0
2024-01-11;100614;3.0
2024-01-11;100486;5.0
2024-01-11;100547;2.0
2024-01-11;100487;5.0
2024-01-11;100462;2.0
2024-01-11;100225;1.0
2024-01-11;100227;1.0
2024-01-11;100528;4.0
2024-01-11;100469;3.0
2024-01-11;100245;5.0
2024-01-11;100184;2.0
2024-01-11;100455;3.0
2024-01-11;100525;3.0
2024-01-11;100448;4.0
2024-01-11;100683;2.0
2024-01-11;100375;1.0
2024-01-11;100664;1.0
2024-01-11;100523;5.0
2024-01-11;100644;7.0
2024-01-11;100604;7.0
2024-01-11;100639;3.0
2024-01-11;100394;1.0
2024-01-11;100464;2.0
2024-01-11;100686;2.0
2024-01-11;100386;6.0
2024-01-11;100665;1.0
2024-01-11;100607;7.0
2024-01-11;100668;2.0
2024-01-11;100370;2.0
2024-01-11;100645;1.0
2024-01-11;100390;1.0
2024-01-11;100517;3.0
2024-01-11;100399;1.0
2024-01-11;100638;1.0
2024-01-12;100228;2.0
2024-01-12;100657;1.0
2024-01-12;100611;17.0
2024-01-12;100612;8.0
2024-01-12;100558;2.0
2024-01-12;100547;2.0
2024-01-12;100453;8.0
2024-01-12;100662;1.0
2024-01-12;100348;1.0
2024-01-12;100140;1.0
2024-01-12;100668;2.0
2024-01-12;100648;6.0
2024-01-12;100474;5.0
2024-01-12;100553;4.0
2024-01-12;100390;1.0
2024-01-12;100464;2.0
2024-01-12;100245;5.0
2024-01-12;100192;3.0
2024-01-12;100554;2.0
2024-01-12;100556;2.0
2024-01-12;100450;1.0
2024-01-12;100455;3.0
2024-01-12;100193;2.0
2024-01-12;100596;4.0
2024-01-12;100050;1.0
2024-01-12;100524;7.0
2024-01-12;100471;2.0
2024-01-12;100257;10.0
2024-01-12;100651;2.0
2024-01-12;100386;6.0
2024-01-12;100551;4.0
2024-01-12;100165;11.0
2024-01-12;100652;2.0
2024-01-12;100650;2.0
2024-01-12;100639;4.0
2024-01-12;100259;10.0
2024-01-12;100545;5.0
2024-01-12;100227;1.0
2024-01-12;100225;1.0
2024-01-12;100462;2.0
2024-01-12;100184;2.0
2024-01-12;100487;5.0
2024-01-12;100417;2.0
2024-01-12;100621;3.0
2024-01-12;100544;6.0
2024-01-12;100469;3.0
2024-01-12;100656;1.0
2024-01-12;100638;2.0
2024-01-12;100530;4.0
2024-01-12;100045;1.0
2024-01-12;100683;2.0
2024-01-12;100470;1.0
2024-01-12;100473;5.0
2024-01-12;100613;3.0
2024-01-12;100614;4.0
2024-01-12;100486;5.0
2024-01-12;100686;2.0
2024-01-12;100607;9.0
2024-01-12;100046;1.0
2024-01-12;100375;1.0
2024-01-12;100399;1.0
2024-01-12;100526;5.0
2024-01-12;100523;6.0
2024-01-12;100394;1.0
2024-01-12;100525;5.0
2024-01-12;100645;2.0
2024-01-12;100665;1.0
2024-01-12;100644;7.0
2024-01-12;100528;5.0
2024-01-12;100602;9.0
2024-01-12;100516;3.0
2024-01-12;100126;1.0
2024-01-12;100646;4.0
2024-01-12;100604;9.0
2024-01-12;100448;5.0
2024-01-12;100454;2.0
2024-01-12;100664;1.0
2024-01-12;100354;1.0
2024-01-12;100691;2.0
2024-01-12;100370;4.0
2024-01-12;100663;1.0
2024-01-12;100139;3.0
2024-01-12;100517;4.0
2024-01-12;100601;8.0
2024-01-13;100386;6.0
2024-01-13;100453;10.0
2024-01-13;100450;1.0
2024-01-13;100556;3.0
2024-01-13;100554;3.0
2024-01-13;100547;5.0
2024-01-13;100245;7.0
2024-01-13;100464;3.0
2024-01-13;100455;3.0
2024-01-13;100193;2.0
2024-01-13;100399;1.0
2024-01-13;100126;1.0
2024-01-13;100448;5.0
2024-01-13;100530;4.0
2024-01-13;100050;1.0
2024-01-13;100454;3.0
2024-01-13;100417;1.0
2024-01-13;100645;2.0
2024-01-13;100638;2.0
2024-01-13;100621;4.0
2024-01-13;100473;5.0
2024-01-13;100259;10.0
2024-01-13;100470;1.0
2024-01-13;100663;1.0
2024-01-13;100553;6.0
2024-01-13;100558;4.0
2024-01-13;100192;3.0
2024-01-13;100257;10.0
2024-01-13;100370;4.0
2024-01-13;100651;2.0
2024-01-13;100225;1.0
2024-01-13;100462;2.0
2024-01-13;100227;1.0
2024-01-13;100184;2.0
2024-01-13;100487;5.0
2024-01-13;100526;6.0
2024-01-13;100486;5.0
2024-01-13;100046;1.0
2024-01-13;100657;1.0
2024-01-13;100614;5.0
2024-01-13;100551;6.0
2024-01-13;100471;2.0
2024-01-13;100650;2.0
2024-01-13;100683;2.0
2024-01-13;100165;10.0
2024-01-13;100517;4.0
2024-01-13;100524;8.0
2024-01-13;100602;12.0
2024-01-13;100611;22.0
2024-01-13;100691;2.0
2024-01-13;100612;8.0
2024-01-13;100639;5.0
2024-01-13;100545;6.0
2024-01-13;100228;2.0
2024-01-13;100607;12.0
2024-01-13;100652;2.0
2024-01-13;100613;4.0
2024-01-13;100528;6.0
2024-01-13;100596;6.0
2024-01-13;100646;4.0
2024-01-13;100544;6.0
2024-01-13;100474;5.0
2024-01-13;100390;1.0
2024-01-13;100601;11.0
2024-01-13;100668;2.0
2024-01-13;100516;3.0
2024-01-13;100604;12.0
2024-01-13;100045;1.0
2024-01-13;100394;1.0
2024-01-13;100644;7.0
2024-01-13;100665;1.0
2024-01-13;100375;1.0
2024-01-13;100525;6.0
2024-01-13;100523;7.0
2024-01-13;100656;1.0
2024-01-13;100648;6.0
2024-01-13;100140;1.0
2024-01-13;100139;3.0
2024-01-13;100469;3.0
2024-01-13;100662;1.0
2024-01-13;100686;2.0
2024-01-13;100354;1.0
2024-01-13;100348;1.0
2024-01-13;100664;1.0
2024-01-14;100469;3.0
2024-01-14;100394;1.0
2024-01-14;100348;1.0
2024-01-14;100607;11.0
2024-01-14;100487;6.0
2024-01-14;100455;2.0
2024-01-14;100486;4.0
2024-01-14;100614;4.0
2024-01-14;100613;4.0
2024-01-14;100462;2.0
2024-01-14;100390;1.0
2024-01-14;100596;6.0
2024-01-14;100648;7.0
2024-01-14;100386;10.0
2024-01-14;100375;1.0
2024-01-14;100225;1.0
2024-01-14;100227;1.0
2024-01-14;100399;1.0
2024-01-14;100551;5.0
2024-01-14;100556;2.0
2024-01-14;100650;1.0
2024-01-14;100046;1.0
2024-01-14;100657;1.0
2024-01-14;100454;3.0
2024-01-14;100228;1.0
2024-01-14;100645;1.0
2024-01-14;100638;1.0
2024-01-14;100611;19.0
2024-01-14;100558;2.0
2024-01-14;100553;5.0
2024-01-14;100259;14.0
2024-01-14;100470;1.0
2024-01-14;100453;9.0
2024-01-14;100450;1.0
2024-01-14;100184;2.0
2024-01-14;100354;1.0
2024-01-14;100612;5.0
2024-01-14;100192;3.0
2024-01-14;100193;2.0
2024-01-14;100245;9.0
2024-01-14;100547;3.0
2024-01-14;100554;2.0
2024-01-14;100644;9.0
2024-01-14;100604;11.0
2024-01-14;100370;6.0
2024-01-14;100448;5.0
2024-01-14;100601;10.0
2024-01-14;100639;4.0
2024-01-14;100646;4.0
2024-01-14;100045;1.0
2024-01-14;100621;2.0
2024-01-14;100417;2.0
2024-01-14;100050;1.0
2024-01-14;100530;3.0
2024-01-14;100257;14.0
2024-01-14;100602;11.0
2024-01-14;100464;3.0
2024-01-14;100662;1.0
2024-01-14;100545;5.0
2024-01-14;100126;1.0
2024-01-14;100139;3.0
2024-01-14;100471;2.0
2024-01-14;100165;9.0
2024-01-14;100525;5.0
2024-01-14;100526;5.0
2024-01-14;100523;6.0
2024-01-14;100683;2.0
2024-01-14;100652;2.0
2024-01-14;100473;4.0
2024-01-14;100664;1.0
2024-01-14;100517;3.0
2024-01-14;100691;1.0
2024-01-14;100663;1.0
2024-01-14;100665;1.0
2024-01-14;100516;3.0
2024-01-14;100686;2.0
2024-01-14;100528;5.0
2024-01-14;100524;7.0
2024-01-14;100651;2.0
2024-01-14;100474;4.0
2024-01-14;100544;6.0
2024-01-14;100140;1.0
2024-01-14;100668;2.0
2024-01-14;100656;1.0
2024-01-15;100544;4.0
2024-01-15;100644;7.0
2024-01-15;100611;14.0
2024-01-15;100046;1.0
2024-01-15;100648;6.0
2024-01-15;100474;4.0
2024-01-15;100612;7.0
2024-01-15;100192;2.0
2024-01-15;100596;5.0
2024-01-15;100668;3.0
2024-01-15;100657;1.0
2024-01-15;100193;2.0
2024-01-15;100471;1.0
2024-01-15;100139;2.0
2024-01-15;100528;3.0
2024-01-15;100228;2.0
2024-01-15;100558;1.0
2024-01-15;100553;2.0
2024-01-15;100453;8.0
2024-01-15;100450;2.0
2024-01-15;100556;1.0
2024-01-15;100554;1.0
2024-01-15;100547;1.0
2024-01-15;100245;4.0
2024-01-15;100464;1.0
2024-01-15;100455;2.0
2024-01-15;100399;2.0
2024-01-15;100664;1.0
2024-01-15;100662;1.0
2024-01-15;100469;3.0
2024-01-15;100604;5.0
2024-01-15;100646;3.0
2024-01-15;100683;2.0
2024-01-15;100638;1.0
2024-01-15;100448;4.0
2024-01-15;100517;4.0
2024-01-15;100126;1.0
2024-01-15;100348;1.0
2024-01-15;100390;1.0
2024-01-15;100354;1.0
2024-01-15;100516;2.0
2024-01-15;100601;5.0
2024-01-15;100621;2.0
2024-01-15;100473;4.0
2024-01-15;100545;4.0
2024-01-15;100530;4.0
2024-01-15;100394;2.0
2024-01-15;100665;1.0
2024-01-15;100165;9.0
2024-01-15;100050;1.0
2024-01-15;100417;1.0
2024-01-15;100551;2.0
2024-01-15;100650;2.0
2024-01-15;100227;1.0
2024-01-15;100225;1.0
2024-01-15;100045;1.0
2024-01-15;100523;5.0
2024-01-15;100613;2.0
2024-01-15;100462;2.0
2024-01-15;100614;2.0
2024-01-15;100486;4.0
2024-01-15;100257;11.0
2024-01-15;100487;4.0
2024-01-15;100524;3.0
2024-01-15;100259;11.0
2024-01-15;100686;2.0
2024-01-15;100645;1.0
2024-01-15;100656;1.0
2024-01-15;100140;1.0
2024-01-15;100663;1.0
2024-01-15;100375;1.0
2024-01-15;100607;5.0
2024-01-15;100602;5.0
2024-01-15;100386;8.0
2024-01-15;100651;2.0
2024-01-15;100526;3.0
2024-01-15;100652;2.0
2024-01-15;100370;2.0
2024-01-15;100454;1.0
2024-01-15;100470;1.0
2024-01-15;100691;2.0
2024-01-15;100525;2.0
2024-01-15;100639;3.0
2024-01-15;100184;2.0
2024-01-16;100526;3.0
2024-01-16;100602;5.0
2024-01-16;100639;3.0
2024-01-16;100601;5.0
2024-01-16;100050;1.0
2024-01-16;100399;1.0
2024-01-16;100645;1.0
2024-01-16;100516;2.0
2024-01-16;100663;1.0
2024-01-16;100668;3.0
2024-01-16;100558;2.0
2024-01-16;100523;5.0
2024-01-16;100454;1.0
2024-01-16;100691;1.0
2024-01-16;100228;2.0
2024-01-16;100530;4.0
2024-01-16;100657;1.0
2024-01-16;100126;1.0
2024-01-16;100553;2.0
2024-01-16;100046;1.0
2024-01-16;100611;13.0
2024-01-16;100612;6.0
2024-01-16;100192;2.0
2024-01-16;100193;2.0
2024-01-16;100354;1.0
2024-01-16;100390;1.0
2024-01-16;100448;4.0
2024-01-16;100417;1.0
2024-01-16;100524;3.0
2024-01-16;100607;5.0
2024-01-16;100652;1.0
2024-01-16;100525;2.0
2024-01-16;100473;4.0
2024-01-16;100470;2.0
2024-01-16;100370;2.0
2024-01-16;100394;1.0
2024-01-16;100259;5.0
2024-01-16;100545;4.0
2024-01-16;100165;11.0
2024-01-16;100665;1.0
2024-01-16;100528;3.0
2024-01-16;100650;2.0
2024-01-16;100464;1.0
2024-01-16;100245;4.0
2024-01-16;100547;1.0
2024-01-16;100257;5.0
2024-01-16;100554;1.0
2024-01-16;100556;2.0
2024-01-16;100450;1.0
2024-01-16;100551;2.0
2024-01-16;100386;2.0
2024-01-16;100453;8.0
2024-01-16;100651;1.0
2024-01-16;100471;2.0
2024-01-16;100455;2.0
2024-01-16;100656;1.0
2024-01-16;100140;1.0
2024-01-16;100225;1.0
2024-01-16;100686;2.0
2024-01-16;100664;1.0
2024-01-16;100662;1.0
2024-01-16;100469;3.0
2024-01-16;100646;3.0
2024-01-16;100604;5.0
2024-01-16;100638;1.0
2024-01-16;100348;1.0
2024-01-16;100139;2.0
2024-01-16;100517;4.0
2024-01-16;100683;2.0
2024-01-16;100227;1.0
2024-01-16;100375;1.0
2024-01-16;100644;7.0
2024-01-16;100184;2.0
2024-01-16;100474;4.0
2024-01-16;100648;6.0
2024-01-16;100462;2.0
2024-01-16;100045;1.0
2024-01-16;100613;3.0
2024-01-16;100614;3.0
2024-01-16;100486;4.0
2024-01-16;100487;5.0
2024-01-16;100621;2.0
2024-01-16;100596;5.0
2024-01-16;100544;4.0
2024-01-17;100050;1.0
2024-01-17;100530;4.0
2024-01-17;100193;2.0
2024-01-17;100448;4.0
2024-01-17;100192;2.0
2024-01-17;100611;13.0
2024-01-17;100612;6.0
2024-01-17;100664;2.0
2024-01-17;100046;1.0
2024-01-17;100553;2.0
2024-01-17;100453;8.0
2024-01-17;100450;1.0
2024-01-17;100556;2.0
2024-01-17;100554;1.0
2024-01-17;100547;1.0
2024-01-17;100245;4.0
2024-01-17;100464;2.0
2024-01-17;100455;2.0
2024-01-17;100399;1.0
2024-01-17;100665;24.0
2024-01-17;100394;1.0
2024-01-17;100525;2.0
2024-01-17;100607;5.0
2024-01-17;100644;7.0
2024-01-17;100375;1.0
2024-01-17;100558;2.0
2024-01-17;100228;2.0
2024-01-17;100604;5.0
2024-01-17;100417;1.0
2024-01-17;100657;1.0
2024-01-17;100691;1.0
2024-01-17;100621;2.0
2024-01-17;100045;1.0
2024-01-17;100686;2.0
2024-01-17;100469;3.0
2024-01-17;100646;3.0
2024-01-17;100638;1.0
2024-01-17;100348;1.0
2024-01-17;100139;2.0
2024-01-17;100683;2.0
2024-01-17;100474;4.0
2024-01-17;100648;6.0
2024-01-17;100596;4.0
2024-01-17;100544;4.0
2024-01-17;100656;1.0
2024-01-17;100140;1.0
2024-01-17;100662;2.0
2024-01-17;100524;3.0
2024-01-17;100652;1.0
2024-01-17;100473;4.0
2024-01-17;100470;1.0
2024-01-17;100259;8.0
2024-01-17;100545;3.0
2024-01-17;100165;11.0
2024-01-17;100650;2.0
2024-01-17;100257;8.0
2024-01-17;100551;2.0
2024-01-17;100651;1.0
2024-01-17;100386;6.0
2024-01-17;100471;2.0
2024-01-17;100227;1.0
2024-01-17;100225;1.0
2024-01-17;100523;5.0
2024-01-17;100126;1.0
2024-01-17;100663;2.0
2024-01-17;100639;3.0
2024-01-17;100454;6.0
2024-01-17;100462;2.0
2024-01-17;100390;1.0
2024-01-17;100645;1.0
2024-01-17;100668;2.0
2024-01-17;100613;3.0
2024-01-17;100354;1.0
2024-01-17;100602;5.0
2024-01-17;100614;3.0
2024-01-17;100517;4.0
2024-01-17;100526;3.0
2024-01-17;100528;3.0
2024-01-17;100370;2.0
2024-01-17;100601;5.0
2024-01-17;100184;2.0
2024-01-17;100516;2.0
2024-01-17;100487;5.0
2024-01-17;100486;4.0
2024-01-18;100553;3.0
2024-01-18;100464;2.0
2024-01-18;100523;5.0
2024-01-18;100245;5.0
2024-01-18;100639;3.0
2024-01-18;100045;1.0
2024-01-18;100621;2.0
2024-01-18;100547;2.0
2024-01-18;100554;1.0
2024-01-18;100530;4.0
2024-01-18;100050;1.0
2024-01-18;100417;2.0
2024-01-18;100556;2.0
2024-01-18;100450;1.0
2024-01-18;100228;2.0
2024-01-18;100453;8.0
2024-01-18;100558;2.0
2024-01-18;100668;1.0
2024-01-18;100524;7.0
2024-01-18;100665;24.0
2024-01-18;100486;5.0
2024-01-18;100487;5.0
2024-01-18;100184;2.0
2024-01-18;100462;2.0
2024-01-18;100225;1.0
2024-01-18;100227;1.0
2024-01-18;100375;1.0
2024-01-18;100638;1.0
2024-01-18;100614;3.0
2024-01-18;100683;1.0
2024-01-18;100193;2.0
2024-01-18;100192;3.0
2024-01-18;100612;7.0
2024-01-18;100611;16.0
2024-01-18;100046;1.0
2024-01-18;100657;1.0
2024-01-18;100607;7.0
2024-01-18;100399;1.0
2024-01-18;100390;1.0
2024-01-18;100455;3.0
2024-01-18;100613;2.0
2024-01-18;100517;2.0
2024-01-18;100525;5.0
2024-01-18;100544;6.0
2024-01-18;100601;6.0
2024-01-18;100648;1.0
2024-01-18;100474;4.0
2024-01-18;100370;1.0
2024-01-18;100656;1.0
2024-01-18;100139;2.0
2024-01-18;100602;7.0
2024-01-18;100526;5.0
2024-01-18;100140;1.0
2024-01-18;100348;1.0
2024-01-18;100454;6.0
2024-01-18;100645;1.0
2024-01-18;100646;3.0
2024-01-18;100469;3.0
2024-01-18;100394;1.0
2024-01-18;100662;2.0
2024-01-18;100354;1.0
2024-01-18;100126;1.0
2024-01-18;100516;3.0
2024-01-18;100663;2.0
2024-01-18;100686;4.0
2024-01-18;100596;1.0
2024-01-18;100448;2.0
2024-01-18;100471;4.0
2024-01-18;100651;9.0
2024-01-18;100664;2.0
2024-01-18;100644;1.0
2024-01-18;100551;3.0
2024-01-18;100165;11.0
2024-01-18;100257;5.0
2024-01-18;100650;2.0
2024-01-18;100386;3.0
2024-01-18;100545;3.0
2024-01-18;100528;5.0
2024-01-18;100470;4.0
2024-01-18;100691;9.0
2024-01-18;100473;4.0
2024-01-18;100259;3.0
2024-01-18;100604;7.0
2024-01-18;100652;9.0
2024-01-19;100656;1.0
2024-01-19;100140;1.0
2024-01-19;100662;2.0
2024-01-19;100651;10.0
2024-01-19;100686;5.0
2024-01-19;100668;1.0
2024-01-19;100165;11.0
2024-01-19;100646;4.0
2024-01-19;100259;3.0
2024-01-19;100648;2.0
2024-01-19;100257;5.0
2024-01-19;100652;10.0
2024-01-19;100683;1.0
2024-01-19;100139;3.0
2024-01-19;100348;2.0
2024-01-19;100650;2.0
2024-01-19;100225;1.0
2024-01-19;100354;2.0
2024-01-19;100691;10.0
2024-01-19;100046;1.0
2024-01-19;100657;1.0
2024-01-19;100228;2.0
2024-01-19;100558;2.0
2024-01-19;100553;4.0
2024-01-19;100453;8.0
2024-01-19;100450;1.0
2024-01-19;100399;1.0
2024-01-19;100455;3.0
2024-01-19;100375;1.0
2024-01-19;100644;2.0
2024-01-19;100664;2.0
2024-01-19;100554;2.0
2024-01-19;100547;2.0
2024-01-19;100245;5.0
2024-01-19;100464;2.0
2024-01-19;100611;17.0
2024-01-19;100126;1.0
2024-01-19;100612;8.0
2024-01-19;100193;2.0
2024-01-19;100227;1.0
2024-01-19;100462;2.0
2024-01-19;100184;2.0
2024-01-19;100665;32.0
2024-01-19;100645;2.0
2024-01-19;100663;2.0
2024-01-19;100487;5.0
2024-01-19;100639;4.0
2024-01-19;100486;5.0
2024-01-19;100614;4.0
2024-01-19;100370;1.0
2024-01-19;100613;3.0
2024-01-19;100045;1.0
2024-01-19;100621;3.0
2024-01-19;100417;2.0
2024-01-19;100050;1.0
2024-01-19;100530;4.0
2024-01-19;100192;3.0
2024-01-19;100386;3.0
2024-01-19;100556;2.0
2024-01-19;100470;5.0
2024-01-19;100523;6.0
2024-01-19;100525;5.0
2024-01-19;100528;6.0
2024-01-19;100607;9.0
2024-01-19;100394;1.0
2024-01-19;100473;5.0
2024-01-19;100545;9.0
2024-01-19;100516;3.0
2024-01-19;100544;14.0
2024-01-19;100390;1.0
2024-01-19;100474;5.0
2024-01-19;100517;2.0
2024-01-19;100526;6.0
2024-01-19;100602;9.0
2024-01-19;100454;7.0
2024-01-19;100596;2.0
2024-01-19;100471;5.0
2024-01-19;100551;4.0
2024-01-19;100601;8.0
2024-01-19;100469;3.0
2024-01-19;100448;2.0
2024-01-19;100638;2.0
2024-01-19;100604;9.0
2024-01-19;100524;7.0
2024-01-20;100257;4.0
2024-01-20;100165;10.0
2024-01-20;100651;9.0
2024-01-20;100644;2.0
2024-01-20;100614;5.0
2024-01-20;100613;4.0
2024-01-20;100045;1.0
2024-01-20;100596;6.0
2024-01-20;100648;2.0
2024-01-20;100399;1.0
2024-01-20;100664;3.0
2024-01-20;100455;3.0
2024-01-20;100464;3.0
2024-01-20;100245;7.0
2024-01-20;100545;13.0
2024-01-20;100547;5.0
2024-01-20;100662;2.0
2024-01-20;100554;3.0
2024-01-20;100650;2.0
2024-01-20;100556;3.0
2024-01-20;100486;5.0
2024-01-20;100691;9.0
2024-01-20;100524;7.0
2024-01-20;100526;6.0
2024-01-20;100348;2.0
2024-01-20;100602;12.0
2024-01-20;100470;5.0
2024-01-20;100454;7.0
2024-01-20;100638;2.0
2024-01-20;100227;1.0
2024-01-20;100656;1.0
2024-01-20;100474;5.0
2024-01-20;100645;2.0
2024-01-20;100394;1.0
2024-01-20;100448;3.0
2024-01-20;100604;12.0
2024-01-20;100462;2.0
2024-01-20;100686;3.0
2024-01-20;100184;2.0
2024-01-20;100683;1.0
2024-01-20;100517;4.0
2024-01-20;100544;15.0
2024-01-20;100487;5.0
2024-01-20;100516;3.0
2024-01-20;100225;1.0
2024-01-20;100450;1.0
2024-01-20;100473;5.0
2024-01-20;100607;12.0
2024-01-20;100192;3.0
2024-01-20;100354;2.0
2024-01-20;100471;5.0
2024-01-20;100453;10.0
2024-01-20;100126;1.0
2024-01-20;100668;1.0
2024-01-20;100386;3.0
2024-01-20;100193;2.0
2024-01-20;100551;6.0
2024-01-20;100612;8.0
2024-01-20;100601;11.0
2024-01-20;100259;3.0
2024-01-20;100469;3.0
2024-01-20;100639;5.0
2024-01-20;100646;4.0
2024-01-20;100390;1.0
2024-01-20;100611;22.0
2024-01-20;100530;4.0
2024-01-20;100370;1.0
2024-01-20;100523;6.0
2024-01-20;100553;6.0
2024-01-20;100558;4.0
2024-01-20;100528;6.0
2024-01-20;100375;1.0
2024-01-20;100228;2.0
2024-01-20;100665;34.0
2024-01-20;100046;1.0
2024-01-20;100140;1.0
2024-01-20;100652;9.0
2024-01-20;100621;4.0
2024-01-20;100657;1.0
2024-01-20;100525;6.0
2024-01-20;100050;1.0
2024-01-20;100663;3.0
2024-01-20;100139;3.0
2024-01-20;100417;1.0
2024-01-21;100126;1.0
2024-01-21;100651;8.0
2024-01-21;100464;3.0
2024-01-21;100602;11.0
2024-01-21;100646;4.0
2024-01-21;100469;3.0
2024-01-21;100471;5.0
2024-01-21;100454;7.0
2024-01-21;100455;2.0
2024-01-21;100399;1.0
2024-01-21;100245;9.0
2024-01-21;100386;3.0
2024-01-21;100526;6.0
2024-01-21;100601;10.0
2024-01-21;100645;1.0
2024-01-21;100354;2.0
2024-01-21;100663;2.0
2024-01-21;100474;4.0
2024-01-21;100551;5.0
2024-01-21;100516;3.0
2024-01-21;100656;1.0
2024-01-21;100259;3.0
2024-01-21;100638;1.0
2024-01-21;100394;1.0
2024-01-21;100140;1.0
2024-01-21;100554;2.0
2024-01-21;100686;2.0
2024-01-21;100665;33.0
2024-01-21;100045;1.0
2024-01-21;100652;8.0
2024-01-21;100613;4.0
2024-01-21;100556;2.0
2024-01-21;100525;6.0
2024-01-21;100528;6.0
2024-01-21;100375;1.0
2024-01-21;100614;4.0
2024-01-21;100607;11.0
2024-01-21;100662;2.0
2024-01-21;100348;2.0
2024-01-21;100473;4.0
2024-01-21;100139;3.0
2024-01-21;100524;7.0
2024-01-21;100523;6.0
2024-01-21;100453;9.0
2024-01-21;100390;1.0
2024-01-21;100621;2.0
2024-01-21;100417;2.0
2024-01-21;100639;4.0
2024-01-21;100050;1.0
2024-01-21;100530;3.0
2024-01-21;100193;2.0
2024-01-21;100450;1.0
2024-01-21;100192;3.0
2024-01-21;100611;19.0
2024-01-21;100046;1.0
2024-01-21;100657;1.0
2024-01-21;100668;1.0
2024-01-21;100228;1.0
2024-01-21;100558;2.0
2024-01-21;100553;5.0
2024-01-21;100612;5.0
2024-01-21;100545;12.0
2024-01-21;100462;2.0
2024-01-21;100664;2.0
2024-01-21;100370;1.0
2024-01-21;100227;1.0
2024-01-21;100225;1.0
2024-01-21;100184;2.0
2024-01-21;100486;4.0
2024-01-21;100470;5.0
2024-01-21;100547;3.0
2024-01-21;100448;3.0
2024-01-21;100257;4.0
2024-01-21;100604;11.0
2024-01-21;100683;1.0
2024-01-21;100517;4.0
2024-01-21;100487;6.0
2024-01-21;100544;13.0
2024-01-21;100596;4.0
2024-01-21;100691;8.0
2024-01-21;100644;1.0
2024-01-21;100650;1.0
2024-01-21;100648;1.0
2024-01-21;100165;9.0
2024-01-22;100611;14.0
2024-01-22;100257;4.0
2024-01-22;100046;1.0
2024-01-22;100450;2.0
2024-01-22;100453;8.0
2024-01-22;100554;1.0
2024-01-22;100553;2.0
2024-01-22;100547;1.0
2024-01-22;100558;1.0
2024-01-22;100228;2.0
2024-01-22;100556;1.0
2024-01-22;100455;2.0
2024-01-22;100464;1.0
2024-01-22;100259;3.0
2024-01-22;100399;2.0
2024-01-22;100657;1.0
2024-01-22;100596;2.0
2024-01-22;100686;2.0
2024-01-22;100648;1.0
2024-01-22;100662;3.0
2024-01-22;100470;4.0
2024-01-22;100528;4.0
2024-01-22;100650;2.0
2024-01-22;100139;2.0
2024-01-22;100245;4.0
2024-01-22;100348;1.0
2024-01-22;100651;9.0
2024-01-22;100646;3.0
2024-01-22;100370;1.0
2024-01-22;100487;4.0
2024-01-22;100184;2.0
2024-01-22;100462;2.0
2024-01-22;100225;1.0
2024-01-22;100227;1.0
2024-01-22;100448;1.0
2024-01-22;100604;5.0
2024-01-22;100165;9.0
2024-01-22;100644;1.0
2024-01-22;100691;9.0
2024-01-22;100544;7.0
2024-01-22;100545;4.0
2024-01-22;100664;3.0
2024-01-22;100486;4.0
2024-01-22;100394;2.0
2024-01-22;100473;4.0
2024-01-22;100375;1.0
2024-01-22;100525;3.0
2024-01-22;100652;9.0
2024-01-22;100665;24.0
2024-01-22;100140;1.0
2024-01-22;100523;4.0
2024-01-22;100668;1.0
2024-01-22;100639;3.0
2024-01-22;100390;1.0
2024-01-22;100638;1.0
2024-01-22;100524;3.0
2024-01-22;100683;1.0
2024-01-22;100386;2.0
2024-01-22;100607;5.0
2024-01-22;100614;2.0
2024-01-22;100517;3.0
2024-01-22;100045;1.0
2024-01-22;100471;4.0
2024-01-22;100663;3.0
2024-01-22;100613;2.0
2024-01-22;100516;2.0
2024-01-22;100126;1.0
2024-01-22;100601;5.0
2024-01-22;100526;4.0
2024-01-22;100474;4.0
2024-01-22;100469;3.0
2024-01-22;100656;1.0
2024-01-22;100454;6.0
2024-01-22;100602;5.0
2024-01-22;100645;1.0
2024-01-22;100192;2.0
2024-01-22;100621;2.0
2024-01-22;100417;1.0
2024-01-22;100050;1.0
2024-01-22;100530;4.0
2024-01-22;100193;2.0
2024-01-22;100612;7.0
2024-01-22;100354;1.0
2024-01-22;100551;2.0
2024-01-23;100612;6.0
2024-01-23;100556;2.0
2024-01-23;100192;2.0
2024-01-23;100450;1.0
2024-01-23;100453;8.0
2024-01-23;100470;5.0
2024-01-23;100257;4.0
2024-01-23;100553;2.0
2024-01-23;100558;2.0
2024-01-23;100228;2.0
2024-01-23;100417;1.0
2024-01-23;100193;2.0
2024-01-23;100554;1.0
2024-01-23;100657;1.0
2024-01-23;100046;1.0
2024-01-23;100611;13.0
2024-01-23;100050;1.0
2024-01-23;100530;4.0
2024-01-23;100227;1.0
2024-01-23;100614;3.0
2024-01-23;100399;1.0
2024-01-23;100455;2.0
2024-01-23;100464;1.0
2024-01-23;100245;4.0
2024-01-23;100547;1.0
2024-01-23;100650;2.0
2024-01-23;100551;2.0
2024-01-23;100165;11.0
2024-01-23;100656;1.0
2024-01-23;100544;6.0
2024-01-23;100545;3.0
2024-01-23;100474;4.0
2024-01-23;100651;9.0
2024-01-23;100139;1.0
2024-01-23;100487;5.0
2024-01-23;100184;2.0
2024-01-23;100462;2.0
2024-01-23;100473;4.0
2024-01-23;100225;1.0
2024-01-23;100652;9.0
2024-01-23;100471;5.0
2024-01-23;100140;1.0
2024-01-23;100486;4.0
2024-01-23;100613;3.0
2024-01-23;100386;2.0
2024-01-23;100045;1.0
2024-01-23;100645;1.0
2024-01-23;100394;1.0
2024-01-23;100525;3.0
2024-01-23;100664;3.0
2024-01-23;100348;1.0
2024-01-23;100691;9.0
2024-01-23;100644;1.0
2024-01-23;100621;2.0
2024-01-23;100517;3.0
2024-01-23;100604;5.0
2024-01-23;100448;1.0
2024-01-23;100607;5.0
2024-01-23;100370;1.0
2024-01-23;100454;6.0
2024-01-23;100259;3.0
2024-01-23;100646;3.0
2024-01-23;100469;3.0
2024-01-23;100601;5.0
2024-01-23;100686;2.0
2024-01-23;100126;1.0
2024-01-23;100516;2.0
2024-01-23;100526;4.0
2024-01-23;100354;1.0
2024-01-23;100602;5.0
2024-01-23;100375;1.0
2024-01-23;100663;3.0
2024-01-23;100668;1.0
2024-01-23;100639;3.0
2024-01-23;100648;1.0
2024-01-23;100390;1.0
2024-01-23;100596;1.0
2024-01-23;100662;3.0
2024-01-23;100524;3.0
2024-01-23;100638;1.0
2024-01-23;100683;1.0
2024-01-23;100528;4.0
2024-01-23;100665;24.0
2024-01-23;100523;4.0
2024-01-24;100602;5.0
2024-01-24;100639;3.0
2024-01-24;100526;5.0
2024-01-24;100454;6.0
2024-01-24;100656;1.0
2024-01-24;100474;4.0
2024-01-24;100683;1.0
2024-01-24;100651;9.0
2024-01-24;100668;1.0
2024-01-24;100638;1.0
2024-01-24;100524;4.0
2024-01-24;100645;1.0
2024-01-24;100370;1.0
2024-01-24;100473;4.0
2024-01-24;100375;1.0
2024-01-24;100607;5.0
2024-01-24;100652;9.0
2024-01-24;100394;1.0
2024-01-24;100665;24.0
2024-01-24;100664;2.0
2024-01-24;100525;4.0
2024-01-24;100545;3.0
2024-01-24;100663;2.0
2024-01-24;100448;2.0
2024-01-24;100691;9.0
2024-01-24;100523;5.0
2024-01-24;100644;1.0
2024-01-24;100517;2.0
2024-01-24;100165;11.0
2024-01-24;100386;2.0
2024-01-24;100686;2.0
2024-01-24;100604;5.0
2024-01-24;100390;1.0
2024-01-24;100140;1.0
2024-01-24;100544;6.0
2024-01-24;100259;3.0
2024-01-24;100184;2.0
2024-01-24;100596;1.0
2024-01-24;100192;2.0
2024-01-24;100650;2.0
2024-01-24;100228;2.0
2024-01-24;100558;2.0
2024-01-24;100547;1.0
2024-01-24;100554;1.0
2024-01-24;100553;2.0
2024-01-24;100453;8.0
2024-01-24;100227;1.0
2024-01-24;100225;1.0
2024-01-24;100450;1.0
2024-01-24;100462;2.0
2024-01-24;100471;4.0
2024-01-24;100348;1.0
2024-01-24;100469;3.0
2024-01-24;100487;5.0
2024-01-24;100556;2.0
2024-01-24;100486;4.0
2024-01-24;100193;2.0
2024-01-24;100614;3.0
2024-01-24;100613;3.0
2024-01-24;100045;1.0
2024-01-24;100530;4.0
2024-01-24;100621;2.0
2024-01-24;100417;1.0
2024-01-24;100245;4.0
2024-01-24;100657;1.0
2024-01-24;100050;1.0
2024-01-24;100470;4.0
2024-01-24;100551;2.0
2024-01-24;100662;2.0
2024-01-24;100464;2.0
2024-01-24;100257;4.0
2024-01-24;100528;5.0
2024-01-24;100399;1.0
2024-01-24;100455;2.0
2024-01-24;100126;1.0
2024-01-24;100648;1.0
2024-01-24;100601;5.0
2024-01-24;100516;2.0
2024-01-24;100354;1.0
2024-01-24;100612;6.0
2024-01-24;100611;13.0
2024-01-24;100046;1.0
2024-01-24;100139;1.0
2024-01-24;100646;3.0
2024-01-25;100683;1.0
2024-01-25;100227;1.0
2024-01-25;100225;1.0
2024-01-25;100523;5.0
2024-01-25;100474;4.0
2024-01-25;100691;9.0
2024-01-25;100184;2.0
2024-01-25;100139;1.0
2024-01-25;100524;7.0
2024-01-25;100665;24.0
2024-01-25;100668;1.0
2024-01-25;100140;1.0
2024-01-25;100528;5.0
2024-01-25;100662;2.0
2024-01-25;100663;2.0
2024-01-25;100525;5.0
2024-01-25;100611;16.0
2024-01-25;100046;1.0
2024-01-25;100657;1.0
2024-01-25;100228;2.0
2024-01-25;100558;2.0
2024-01-25;100554;1.0
2024-01-25;100612;7.0
2024-01-25;100553;3.0
2024-01-25;100656;1.0
2024-01-25;100453;8.0
2024-01-25;100450;1.0
2024-01-25;100556;2.0
2024-01-25;100516;3.0
2024-01-25;100526;5.0
2024-01-25;100126;1.0
2024-01-25;100664;2.0
2024-01-25;100192;3.0
2024-01-25;100530;4.0
2024-01-25;100544;6.0
2024-01-25;100517;2.0
2024-01-25;100455;3.0
2024-01-25;100464;2.0
2024-01-25;100245;5.0
2024-01-25;100547;2.0
2024-01-25;100193;2.0
2024-01-25;100487;5.0
2024-01-25;100614;3.0
2024-01-25;100613;2.0
2024-01-25;100045;1.0
2024-01-25;100621;2.0
2024-01-25;100417;2.0
2024-01-25;100050;1.0
2024-01-25;100486;5.0
2024-01-25;100399;1.0
2024-01-25;100462;2.0
2024-01-25;100394;1.0
2024-01-25;100639;3.0
2024-01-25;100686;4.0
2024-01-25;100471;4.0
2024-01-25;100648;1.0
2024-01-25;100390;1.0
2024-01-25;100607;7.0
2024-01-25;100375;1.0
2024-01-25;100650;2.0
2024-01-25;100551;3.0
2024-01-25;100644;1.0
2024-01-25;100604;7.0
2024-01-25;100651;9.0
2024-01-25;100448;2.0
2024-01-25;100602;7.0
2024-01-25;100454;6.0
2024-01-25;100645;1.0
2024-01-25;100354;1.0
2024-01-25;100601;6.0
2024-01-25;100646;3.0
2024-01-25;100470;4.0
2024-01-25;100259;3.0
2024-01-25;100348;1.0
2024-01-25;100469;3.0
2024-01-25;100596;1.0
2024-01-25;100370;1.0
2024-01-25;100638;1.0
2024-01-25;100257;5.0
2024-01-25;100473;4.0
2024-01-25;100386;3.0
2024-01-25;100165;11.0
2024-01-25;100545;3.0
2024-01-25;100652;9.0
2024-01-26;100645;2.0
2024-01-26;100556;2.0
2024-01-26;100450;1.0
2024-01-26;100602;9.0
2024-01-26;100621;3.0
2024-01-26;100370;1.0
2024-01-26;100448;2.0
2024-01-26;100453;8.0
2024-01-26;100553;4.0
2024-01-26;100644;2.0
2024-01-26;100517;2.0
2024-01-26;100454;7.0
2024-01-26;100663;2.0
2024-01-26;100526;6.0
2024-01-26;100558;2.0
2024-01-26;100596;2.0
2024-01-26;100469;3.0
2024-01-26;100386;3.0
2024-01-26;100399;1.0
2024-01-26;100348;2.0
2024-01-26;100126;1.0
2024-01-26;100354;2.0
2024-01-26;100646;4.0
2024-01-26;100464;2.0
2024-01-26;100245;5.0
2024-01-26;100547;2.0
2024-01-26;100601;8.0
2024-01-26;100554;2.0
2024-01-26;100516;3.0
2024-01-26;100455;3.0
2024-01-26;100604;9.0
2024-01-26;100525;5.0
2024-01-26;100394;1.0
2024-01-26;100045;1.0
2024-01-26;100613;3.0
2024-01-26;100614;4.0
2024-01-26;100486;5.0
2024-01-26;100487;5.0
2024-01-26;100184;2.0
2024-01-26;100462;2.0
2024-01-26;100225;1.0
2024-01-26;100227;1.0
2024-01-26;100683;1.0
2024-01-26;100686;5.0
2024-01-26;100638;2.0
2024-01-26;100050;1.0
2024-01-26;100530;4.0
2024-01-26;100524;7.0
2024-01-26;100668;1.0
2024-01-26;100639;4.0
2024-01-26;100228;2.0
2024-01-26;100657;1.0
2024-01-26;100664;2.0
2024-01-26;100046;1.0
2024-01-26;100691;10.0
2024-01-26;100375;1.0
2024-01-26;100417;2.0
2024-01-26;100611;17.0
2024-01-26;100665;32.0
2024-01-26;100390;1.0
2024-01-26;100523;6.0
2024-01-26;100612;8.0
2024-01-26;100192;3.0
2024-01-26;100193;2.0
2024-01-26;100607;9.0
2024-01-26;100648;2.0
2024-01-26;100473;5.0
2024-01-26;100528;6.0
2024-01-26;100651;10.0
2024-01-26;100139;1.0
2024-01-26;100656;1.0
2024-01-26;100551;4.0
2024-01-26;100165;11.0
2024-01-26;100650;2.0
2024-01-26;100470;5.0
2024-01-26;100259;3.0
2024-01-26;100545;9.0
2024-01-26;100544;14.0
2024-01-26;100652;10.0
2024-01-26;100474;5.0
2024-01-26;100662;2.0
2024-01-26;100257;5.0
2024-01-26;100140;1.0
2024-01-26;100471;5.0
2024-01-27;100471;5.0
2024-01-27;100657;1.0
2024-01-27;100551;6.0
2024-01-27;100525;6.0
2024-01-27;100686;3.0
2024-01-27;100228;2.0
2024-01-27;100558;4.0
2024-01-27;100517;4.0
2024-01-27;100553;6.0
2024-01-27;100453;10.0
2024-01-27;100450;1.0
2024-01-27;100556;3.0
2024-01-27;100046;1.0
2024-01-27;100139;1.0
2024-01-27;100390;1.0
2024-01-27;100524;7.0
2024-01-27;100448;3.0
2024-01-27;100665;34.0
2024-01-27;100651;9.0
2024-01-27;100370;1.0
2024-01-27;100638;2.0
2024-01-27;100683;1.0
2024-01-27;100602;12.0
2024-01-27;100470;5.0
2024-01-27;100644;2.0
2024-01-27;100611;22.0
2024-01-27;100394;1.0
2024-01-27;100639;5.0
2024-01-27;100668;1.0
2024-01-27;100227;1.0
2024-01-27;100375;1.0
2024-01-27;100225;1.0
2024-01-27;100462;2.0
2024-01-27;100184;2.0
2024-01-27;100487;5.0
2024-01-27;100486;5.0
2024-01-27;100614;5.0
2024-01-27;100613;4.0
2024-01-27;100045;1.0
2024-01-27;100621;4.0
2024-01-27;100417;1.0
2024-01-27;100050;1.0
2024-01-27;100530;4.0
2024-01-27;100691;9.0
2024-01-27;100650;2.0
2024-01-27;100523;6.0
2024-01-27;100193;2.0
2024-01-27;100192;3.0
2024-01-27;100664;3.0
2024-01-27;100607;12.0
2024-01-27;100257;4.0
2024-01-27;100612;8.0
2024-01-27;100473;5.0
2024-01-27;100604;12.0
2024-01-27;100348;2.0
2024-01-27;100464;3.0
2024-01-27;100259;3.0
2024-01-27;100455;3.0
2024-01-27;100648;2.0
2024-01-27;100662;2.0
2024-01-27;100354;2.0
2024-01-27;100399;1.0
2024-01-27;100126;1.0
2024-01-27;100528;6.0
2024-01-27;100526;6.0
2024-01-27;100469;3.0
2024-01-27;100596;6.0
2024-01-27;100656;1.0
2024-01-27;100165;10.0
2024-01-27;100140;1.0
2024-01-27;100516;3.0
2024-01-27;100601;11.0
2024-01-27;100663;3.0
2024-01-27;100245;7.0
2024-01-27;100652;9.0
2024-01-27;100547;5.0
2024-01-27;100386;3.0
2024-01-27;100554;3.0
2024-01-27;100545;13.0
2024-01-27;100646;4.0
2024-01-27;100544;15.0
2024-01-27;100474;5.0
2024-01-27;100645;2.0
2024-01-27;100454;7.0
2024-01-28;100469;3.0
2024-01-28;100245;9.0
2024-01-28;100547;3.0
2024-01-28;100668;1.0
2024-01-28;100554;2.0
2024-01-28;100558;2.0
2024-01-28;100612;5.0
2024-01-28;100228;1.0
2024-01-28;100450;1.0
2024-01-28;100453;9.0
2024-01-28;100046;1.0
2024-01-28;100553;5.0
2024-01-28;100471;5.0
2024-01-28;100657;1.0
2024-01-28;100556;2.0
2024-01-28;100611;19.0
2024-01-28;100662;2.0
2024-01-28;100639;4.0
2024-01-28;100227;1.0
2024-01-28;100225;1.0
2024-01-28;100462;2.0
2024-01-28;100184;2.0
2024-01-28;100487;6.0
2024-01-28;100486;4.0
2024-01-28;100614;4.0
2024-01-28;100613;4.0
2024-01-28;100045;1.0
2024-01-28;100621;2.0
2024-01-28;100417;2.0
2024-01-28;100652;8.0
2024-01-28;100050;1.0
2024-01-28;100193;2.0
2024-01-28;100192;3.0
2024-01-28;100665;33.0
2024-01-28;100390;1.0
2024-01-28;100257;4.0
2024-01-28;100648;1.0
2024-01-28;100607;11.0
2024-01-28;100140;1.0
2024-01-28;100596;4.0
2024-01-28;100523;6.0
2024-01-28;100375;1.0
2024-01-28;100530;3.0
2024-01-28;100464;3.0
2024-01-28;100645;1.0
2024-01-28;100399;1.0
2024-01-28;100651;8.0
2024-01-28;100525;6.0
2024-01-28;100526;6.0
2024-01-28;100455;2.0
2024-01-28;100656;1.0
2024-01-28;100604;11.0
2024-01-28;100551;5.0
2024-01-28;100139;1.0
2024-01-28;100354;2.0
2024-01-28;100644;1.0
2024-01-28;100524;7.0
2024-01-28;100474;4.0
2024-01-28;100448;3.0
2024-01-28;100663;2.0
2024-01-28;100370;1.0
2024-01-28;100454;7.0
2024-01-28;100638;1.0
2024-01-28;100386;3.0
2024-01-28;100602;11.0
2024-01-28;100683;1.0
2024-01-28;100470;5.0
2024-01-28;100516;3.0
2024-01-28;100686;2.0
2024-01-28;100517;4.0
2024-01-28;100126;1.0
2024-01-28;100646;4.0
2024-01-28;100545;12.0
2024-01-28;100691;8.0
2024-01-28;100259;3.0
2024-01-28;100650;1.0
2024-01-28;100473;4.0
2024-01-28;100528;6.0
2024-01-28;100544;13.0
2024-01-28;100664;2.0
2024-01-28;100601;10.0
2024-01-28;100165;9.0
2024-01-28;100394;1.0
2024-01-28;100348;2.0
2024-01-29;100473;4.0
2024-01-29;100399;2.0
2024-01-29;100544;7.0
2024-01-29;100455;2.0
2024-01-29;100464;1.0
2024-01-29;100656;1.0
2024-01-29;100245;4.0
2024-01-29;100547;1.0
2024-01-29;100683;1.0
2024-01-29;100639;3.0
2024-01-29;100638;1.0
2024-01-29;100652;9.0
2024-01-29;100471;4.0
2024-01-29;100140;1.0
2024-01-29;100524;3.0
2024-01-29;100668;1.0
2024-01-29;100554;1.0
2024-01-29;100165;9.0
2024-01-29;100545;4.0
2024-01-29;100651;9.0
2024-01-29;100523;4.0
2024-01-29;100386;2.0
2024-01-29;100556;1.0
2024-01-29;100662;3.0
2024-01-29;100453;8.0
2024-01-29;100225;1.0
2024-01-29;100227;1.0
2024-01-29;100691;9.0
2024-01-29;100450;2.0
2024-01-29;100394;2.0
2024-01-29;100525;3.0
2024-01-29;100604;5.0
2024-01-29;100139;1.0
2024-01-29;100644;1.0
2024-01-29;100551;2.0
2024-01-29;100370;1.0
2024-01-29;100448;1.0
2024-01-29;100686;2.0
2024-01-29;100602;5.0
2024-01-29;100470;4.0
2024-01-29;100645;1.0
2024-01-29;100663;3.0
2024-01-29;100648;1.0
2024-01-29;100596;2.0
2024-01-29;100469;3.0
2024-01-29;100259;3.0
2024-01-29;100348;1.0
2024-01-29;100646;3.0
2024-01-29;100462;2.0
2024-01-29;100126;1.0
2024-01-29;100528;4.0
2024-01-29;100516;2.0
2024-01-29;100526;4.0
2024-01-29;100474;4.0
2024-01-29;100354;1.0
2024-01-29;100454;6.0
2024-01-29;100601;5.0
2024-01-29;100184;2.0
2024-01-29;100664;3.0
2024-01-29;100650;2.0
2024-01-29;100192;2.0
2024-01-29;100193;2.0
2024-01-29;100530;4.0
2024-01-29;100050;1.0
2024-01-29;100417;1.0
2024-01-29;100621;2.0
2024-01-29;100517;3.0
2024-01-29;100045;1.0
2024-01-29;100613;2.0
2024-01-29;100614;2.0
2024-01-29;100486;4.0
2024-01-29;100390;1.0
2024-01-29;100607;5.0
2024-01-29;100257;4.0
2024-01-29;100487;4.0
2024-01-29;100612;7.0
2024-01-29;100611;14.0
2024-01-29;100665;24.0
2024-01-29;100228;2.0
2024-01-29;100046;1.0
2024-01-29;100375;1.0
2024-01-29;100558;1.0
2024-01-29;100553;2.0
2024-01-29;100657;1.0
2024-01-30;100645;1.0
2024-01-30;100683;1.0
2024-01-30;100662;3.0
2024-01-30;100140;1.0
2024-01-30;100665;24.0
2024-01-30;100663;3.0
2024-01-30;100448;1.0
2024-01-30;100386;2.0
2024-01-30;100691;9.0
2024-01-30;100656;1.0
2024-01-30;100652;9.0
2024-01-30;100602;5.0
2024-01-30;100596;1.0
2024-01-30;100126;1.0
2024-01-30;100646;3.0
2024-01-30;100348;1.0
2024-01-30;100601;5.0
2024-01-30;100686;2.0
2024-01-30;100454;6.0
2024-01-30;100165;11.0
2024-01-30;100545;3.0
2024-01-30;100638;1.0
2024-01-30;100528;4.0
2024-01-30;100544;6.0
2024-01-30;100526;4.0
2024-01-30;100473;4.0
2024-01-30;100474;4.0
2024-01-30;100259;3.0
2024-01-30;100648;1.0
2024-01-30;100354;1.0
2024-01-30;100469;3.0
2024-01-30;100651;9.0
2024-01-30;100551;2.0
2024-01-30;100370;1.0
2024-01-30;100050;1.0
2024-01-30;100530;4.0
2024-01-30;100193;2.0
2024-01-30;100192;2.0
2024-01-30;100612;6.0
2024-01-30;100611;13.0
2024-01-30;100046;1.0
2024-01-30;100657;1.0
2024-01-30;100228;2.0
2024-01-30;100558;2.0
2024-01-30;100417;1.0
2024-01-30;100553;2.0
2024-01-30;100450;1.0
2024-01-30;100556;2.0
2024-01-30;100554;1.0
2024-01-30;100547;1.0
2024-01-30;100245;4.0
2024-01-30;100464;1.0
2024-01-30;100668;1.0
2024-01-30;100455;2.0
2024-01-30;100399;1.0
2024-01-30;100639;3.0
2024-01-30;100453;8.0
2024-01-30;100470;7.0
2024-01-30;100621;2.0
2024-01-30;100613;3.0
2024-01-30;100471;5.0
2024-01-30;100390;1.0
2024-01-30;100516;2.0
2024-01-30;100644;1.0
2024-01-30;100607;5.0
2024-01-30;100139;1.0
2024-01-30;100650;2.0
2024-01-30;100525;3.0
2024-01-30;100375;1.0
2024-01-30;100604;5.0
2024-01-30;100045;1.0
2024-01-30;100394;1.0
2024-01-30;100523;4.0
2024-01-30;100664;3.0
2024-01-30;100524;3.0
2024-01-30;100227;1.0
2024-01-30;100225;1.0
2024-01-30;100462;2.0
2024-01-30;100184;2.0
2024-01-30;100487;5.0
2024-01-30;100486;4.0
2024-01-30;100614;3.0
2024-01-30;100517;3.0
2024-01-30;100257;4.0
2024-01-31;100686;2.0
2024-01-31;100386;2.0
2024-01-31;100668;1.0
2024-01-31;100621;2.0
2024-01-31;100045;1.0
2024-01-31;100613;3.0
2024-01-31;100614;3.0
2024-01-31;100486;4.0
2024-01-31;100487;5.0
2024-01-31;100184;2.0
2024-01-31;100417;1.0
2024-01-31;100462;2.0
2024-01-31;100227;1.0
2024-01-31;100126;1.0
2024-01-31;100139;1.0
2024-01-31;100140;1.0
2024-01-31;100165;11.0
2024-01-31;100257;4.0
2024-01-31;100259;3.0
2024-01-31;100225;1.0
2024-01-31;100050;1.0
2024-01-31;100530;4.0
2024-01-31;100193;2.0
2024-01-31;100399;1.0
2024-01-31;100455;2.0
2024-01-31;100464;2.0
2024-01-31;100245;4.0
2024-01-31;100547;1.0
2024-01-31;100554;1.0
2024-01-31;100556;2.0
2024-01-31;100450;1.0
2024-01-31;100453;8.0
2024-01-31;100553;2.0
2024-01-31;100558;2.0
2024-01-31;100228;2.0
2024-01-31;100657;1.0
2024-01-31;100046;1.0
2024-01-31;100611;13.0
2024-01-31;100612;6.0
2024-01-31;100192;2.0
2024-01-31;100348;1.0
2024-01-31;100354;1.0
2024-01-31;100370;1.0
2024-01-31;100375;1.0
2024-01-31;100602;5.0
2024-01-31;100604;5.0
2024-01-31;100607;5.0
2024-01-31;100638;1.0
2024-01-31;100639;3.0
2024-01-31;100644;1.0
2024-01-31;100645;1.0
2024-01-31;100646;3.0
2024-01-31;100648;1.0
2024-01-31;100650;2.0
2024-01-31;100651;9.0
2024-01-31;100652;9.0
2024-01-31;100656;1.0
2024-01-31;100662;2.0
2024-01-31;100663;2.0
2024-01-31;100664;2.0
2024-01-31;100665;24.0
2024-01-31;100601;5.0
2024-01-31;100683;1.0
2024-01-31;100596;1.0
2024-01-31;100545;3.0
2024-01-31;100390;1.0
2024-01-31;100394;1.0
2024-01-31;100448;2.0
2024-01-31;100454;6.0
2024-01-31;100469;3.0
2024-01-31;100470;8.0
2024-01-31;100471;6.0
2024-01-31;100473;4.0
2024-01-31;100474;4.0
2024-01-31;100516;2.0
2024-01-31;100517;2.0
2024-01-31;100523;5.0
2024-01-31;100524;4.0
2024-01-31;100525;4.0
2024-01-31;100526;5.0
2024-01-31;100528;5.0
2024-01-31;100544;6.0
2024-01-31;100551;2.0
2024-01-31;100691;9.0
